﻿<?xml version="1.0" encoding="utf-8"?>
<ImportExportXml xmlns:xsi="http://www.w3.org/2001/XMLSchema-instance">
  <Entities />
  <Roles />
  <Workflows />
  <FieldSecurityProfiles />
  <Templates />
  <EntityMaps />
  <EntityRelationships />
  <OrganizationSettings />
  <optionsets />
  <CustomControls />
  <EntityDataProviders />
  <CanvasApps>
    <CanvasApp>
      <Name>new_bcwarehousehelper_290e3</Name>
      <AppVersion>2023-01-09T13:28:48Z</AppVersion>
      <Status>Ready</Status>
      <CreatedByClientVersion>3.22122.15.0</CreatedByClientVersion>
      <MinClientVersion>3.22122.15.0</MinClientVersion>
      <Tags>{"primaryDeviceWidth":"640","primaryDeviceHeight":"1136","supportsPortrait":"true","supportsLandscape":"false","primaryFormFactor":"Phone","publisherVersion":"3.22122.15","minimumRequiredApiVersion":"2.2.0","hasComponent":"true","hasUnlockedComponent":"true","isUnifiedRootApp":"false","sienaVersion":"20230109T113904Z-3.22121.19.0"}</Tags>
      <IsCdsUpgraded>0</IsCdsUpgraded>
      <GalleryItemId xsi:nil="true"></GalleryItemId>
      <BackgroundColor>rgba(255, 255, 255, 1)</BackgroundColor>
      <DisplayName>BC Warehouse Helper</DisplayName>
      <Description>Test app for Business Central to help manage warehouse inventory</Description>
      <CommitMessage xsi:nil="true"></CommitMessage>
      <Publisher></Publisher>
      <AuthorizationReferences>[]</AuthorizationReferences>
      <ConnectionReferences>{"d12d2ff4-7368-496c-b006-e50fd64afc64":{"id":"/providers/microsoft.powerapps/apis/shared_office365users","displayName":"Office 365 Users","iconUri":"https://connectoricons-prod.azureedge.net/releases/v1.0.1611/1.0.1611.3104/office365users/icon.png","dataSources":["Office365-brugere"],"dependencies":[],"dependents":[],"parameterHints":{},"parameterHintsV2":{},"isOnPremiseConnection":false,"bypassConsent":false,"dataSets":{},"apiTier":"Standard","actions":["MyProfile","UserPhoto_V2"]},"db53e06c-0d5d-4540-a126-3218ac51e136":{"id":"/providers/microsoft.powerapps/apis/shared_dynamicssmbsaas","displayName":"Dynamics 365 Business Central","iconUri":"https://connectoricons-prod.azureedge.net/releases/v1.0.1613/1.0.1613.3125/dynamicssmbsaas/icon.png","dataSources":["items (v2.0)"],"dependencies":[],"dependents":[],"parameterHints":{},"parameterHintsV2":{},"isOnPremiseConnection":false,"bypassConsent":false,"dataSets":{"PRODUCTION,18bb64bd-e06c-ed11-81b5-6045bd8e591f":{"dataSources":{"items (v2.0)":{"tableName":"items,v2.0"}}}},"apiTier":"Premium","actions":["providers/PowerPlatform.Governance/Operations/Read","providers/PowerPlatform.Governance/Operations/Write"]}}</ConnectionReferences>
      <DatabaseReferences>{}</DatabaseReferences>
      <AppComponents>[]</AppComponents>
      <AppComponentDependencies>[]</AppComponentDependencies>
      <CanConsumeAppPass>1</CanConsumeAppPass>
      <CanvasAppType>0</CanvasAppType>
      <BypassConsent>0</BypassConsent>
      <AdminControlBypassConsent>0</AdminControlBypassConsent>
      <EmbeddedApp xsi:nil="true"></EmbeddedApp>
      <IntroducedVersion>1.0</IntroducedVersion>
      <CdsDependencies>{"cdsdependencies":[]}</CdsDependencies>
      <IsCustomizable>1</IsCustomizable>
      <BackgroundImageUri>/CanvasApps/new_bcwarehousehelper_290e3_BackgroundImageUri</BackgroundImageUri>
      <DocumentUri>/CanvasApps/new_bcwarehousehelper_290e3_DocumentUri.msapp</DocumentUri>
    </CanvasApp>
  </CanvasApps>
  <Languages>
    <Language>1033</Language>
  </Languages>
</ImportExportXml>